{"id": 0, "label": 1}
{"id": 1, "label": 0}
{"id": 2, "label": 0}
{"id": 3, "label": 1}
{"id": 4, "label": 0}
{"id": 5, "label": 0}
{"id": 6, "label": 0}
{"id": 7, "label": 1}
{"id": 8, "label": 1}
{"id": 9, "label": 0}
{"id": 10, "label": 0}
{"id": 11, "label": 0}
{"id": 12, "label": 1}
{"id": 13, "label": 1}
{"id": 14, "label": 0}
{"id": 15, "label": 0}
{"id": 16, "label": 1}
{"id": 17, "label": 0}
{"id": 18, "label": 0}
{"id": 19, "label": 1}
{"id": 20, "label": 0}
{"id": 21, "label": 1}
{"id": 22, "label": 1}
{"id": 23, "label": 0}
{"id": 24, "label": 0}
{"id": 25, "label": 0}
{"id": 26, "label": 0}
{"id": 27, "label": 1}
{"id": 28, "label": 1}
{"id": 29, "label": 1}
{"id": 30, "label": 1}
{"id": 31, "label": 1}
{"id": 32, "label": 1}
{"id": 33, "label": 1}
{"id": 34, "label": 0}
{"id": 35, "label": 0}
{"id": 36, "label": 1}
{"id": 37, "label": 0}
{"id": 38, "label": 0}
{"id": 39, "label": 0}
{"id": 40, "label": 0}
{"id": 41, "label": 0}
{"id": 42, "label": 1}
{"id": 43, "label": 1}
{"id": 44, "label": 1}
{"id": 45, "label": 0}
{"id": 46, "label": 1}
{"id": 47, "label": 1}
{"id": 48, "label": 1}
{"id": 49, "label": 0}
{"id": 50, "label": 0}
{"id": 51, "label": 1}
{"id": 52, "label": 0}
{"id": 53, "label": 0}
{"id": 54, "label": 1}
{"id": 55, "label": 0}
{"id": 56, "label": 0}
{"id": 57, "label": 0}
{"id": 58, "label": 1}
{"id": 59, "label": 0}
{"id": 60, "label": 0}
{"id": 61, "label": 1}
{"id": 62, "label": 0}
{"id": 63, "label": 1}
{"id": 64, "label": 1}
{"id": 65, "label": 0}
{"id": 66, "label": 0}
{"id": 67, "label": 0}
{"id": 68, "label": 0}
{"id": 69, "label": 1}
{"id": 70, "label": 0}
{"id": 71, "label": 0}
{"id": 72, "label": 0}
{"id": 73, "label": 1}
{"id": 74, "label": 0}
{"id": 75, "label": 0}
{"id": 76, "label": 0}
{"id": 77, "label": 1}
{"id": 78, "label": 0}
{"id": 79, "label": 1}
{"id": 80, "label": 0}
{"id": 81, "label": 0}
{"id": 82, "label": 0}
{"id": 83, "label": 1}
{"id": 84, "label": 1}
{"id": 85, "label": 0}
{"id": 86, "label": 0}
{"id": 87, "label": 0}
{"id": 88, "label": 1}
{"id": 89, "label": 1}
{"id": 90, "label": 1}
{"id": 91, "label": 1}
{"id": 92, "label": 1}
{"id": 93, "label": 1}
{"id": 94, "label": 1}
{"id": 95, "label": 0}
{"id": 96, "label": 1}
{"id": 97, "label": 0}
{"id": 98, "label": 0}
{"id": 99, "label": 1}
{"id": 100, "label": 0}
{"id": 101, "label": 0}
{"id": 102, "label": 0}
{"id": 103, "label": 1}
{"id": 104, "label": 0}
{"id": 105, "label": 1}
{"id": 106, "label": 1}
{"id": 107, "label": 0}
{"id": 108, "label": 1}
{"id": 109, "label": 0}
{"id": 110, "label": 0}
{"id": 111, "label": 1}
{"id": 112, "label": 1}
{"id": 113, "label": 0}
{"id": 114, "label": 0}
{"id": 115, "label": 0}
{"id": 116, "label": 0}
{"id": 117, "label": 0}
{"id": 118, "label": 1}
{"id": 119, "label": 0}
{"id": 120, "label": 0}
{"id": 121, "label": 0}
{"id": 122, "label": 1}
{"id": 123, "label": 1}
{"id": 124, "label": 1}
{"id": 125, "label": 1}
{"id": 126, "label": 0}
{"id": 127, "label": 1}
{"id": 128, "label": 0}
{"id": 129, "label": 0}
{"id": 130, "label": 0}
{"id": 131, "label": 1}
{"id": 132, "label": 0}
{"id": 133, "label": 1}
{"id": 134, "label": 1}
{"id": 135, "label": 1}
{"id": 136, "label": 0}
{"id": 137, "label": 1}
{"id": 138, "label": 1}
{"id": 139, "label": 0}
{"id": 140, "label": 1}
{"id": 141, "label": 0}
{"id": 142, "label": 0}
{"id": 143, "label": 0}
{"id": 144, "label": 0}
{"id": 145, "label": 1}
{"id": 146, "label": 0}
{"id": 147, "label": 0}
{"id": 148, "label": 0}
{"id": 149, "label": 0}
{"id": 150, "label": 1}
{"id": 151, "label": 0}
{"id": 152, "label": 0}
{"id": 153, "label": 1}
{"id": 154, "label": 1}
{"id": 155, "label": 1}
{"id": 156, "label": 1}
{"id": 157, "label": 0}
{"id": 158, "label": 1}
{"id": 159, "label": 1}
{"id": 160, "label": 0}
{"id": 161, "label": 1}
{"id": 162, "label": 0}
{"id": 163, "label": 0}
{"id": 164, "label": 1}
{"id": 165, "label": 1}
{"id": 166, "label": 0}
{"id": 167, "label": 1}
{"id": 168, "label": 0}
{"id": 169, "label": 1}
{"id": 170, "label": 0}
{"id": 171, "label": 0}
{"id": 172, "label": 1}
{"id": 173, "label": 0}
{"id": 174, "label": 0}
{"id": 175, "label": 1}
{"id": 176, "label": 1}
{"id": 177, "label": 1}
{"id": 178, "label": 1}
{"id": 179, "label": 0}
{"id": 180, "label": 0}
{"id": 181, "label": 0}
{"id": 182, "label": 1}
{"id": 183, "label": 1}
{"id": 184, "label": 0}
{"id": 185, "label": 0}
{"id": 186, "label": 1}
{"id": 187, "label": 1}
{"id": 188, "label": 1}
{"id": 189, "label": 0}
{"id": 190, "label": 1}
{"id": 191, "label": 1}
{"id": 192, "label": 1}
{"id": 193, "label": 0}
{"id": 194, "label": 0}
{"id": 195, "label": 0}
{"id": 196, "label": 1}
{"id": 197, "label": 1}
{"id": 198, "label": 0}
{"id": 199, "label": 1}
{"id": 200, "label": 0}
{"id": 201, "label": 1}
{"id": 202, "label": 1}
{"id": 203, "label": 1}
{"id": 204, "label": 1}
{"id": 205, "label": 0}
{"id": 206, "label": 0}
{"id": 207, "label": 0}
{"id": 208, "label": 1}
{"id": 209, "label": 0}
{"id": 210, "label": 0}
{"id": 211, "label": 1}
{"id": 212, "label": 1}
{"id": 213, "label": 0}
{"id": 214, "label": 1}
{"id": 215, "label": 0}
{"id": 216, "label": 0}
{"id": 217, "label": 1}
{"id": 218, "label": 0}
{"id": 219, "label": 1}
{"id": 220, "label": 1}
{"id": 221, "label": 1}
{"id": 222, "label": 0}
{"id": 223, "label": 0}
{"id": 224, "label": 1}
{"id": 225, "label": 1}
{"id": 226, "label": 0}
{"id": 227, "label": 1}
{"id": 228, "label": 0}
{"id": 229, "label": 1}
{"id": 230, "label": 1}
{"id": 231, "label": 0}
{"id": 232, "label": 1}
{"id": 233, "label": 0}
{"id": 234, "label": 1}
{"id": 235, "label": 1}
{"id": 236, "label": 0}
{"id": 237, "label": 0}
{"id": 238, "label": 0}
{"id": 239, "label": 1}
{"id": 240, "label": 1}
{"id": 241, "label": 1}
{"id": 242, "label": 0}
{"id": 243, "label": 1}
{"id": 244, "label": 1}
{"id": 245, "label": 0}
{"id": 246, "label": 1}
{"id": 247, "label": 1}
{"id": 248, "label": 0}
{"id": 249, "label": 1}
{"id": 250, "label": 1}
{"id": 251, "label": 0}
{"id": 252, "label": 1}
{"id": 253, "label": 0}
{"id": 254, "label": 0}
{"id": 255, "label": 1}
{"id": 256, "label": 1}
{"id": 257, "label": 0}
{"id": 258, "label": 0}
{"id": 259, "label": 0}
{"id": 260, "label": 0}
{"id": 261, "label": 0}
{"id": 262, "label": 1}
{"id": 263, "label": 0}
{"id": 264, "label": 1}
{"id": 265, "label": 1}
{"id": 266, "label": 0}
{"id": 267, "label": 1}
{"id": 268, "label": 0}
{"id": 269, "label": 0}
{"id": 270, "label": 1}
{"id": 271, "label": 0}
{"id": 272, "label": 0}
{"id": 273, "label": 0}
{"id": 274, "label": 0}
{"id": 275, "label": 0}
{"id": 276, "label": 1}
{"id": 277, "label": 1}
{"id": 278, "label": 0}
{"id": 279, "label": 0}
{"id": 280, "label": 0}
{"id": 281, "label": 1}
{"id": 282, "label": 0}
{"id": 283, "label": 0}
{"id": 284, "label": 1}
{"id": 285, "label": 1}
{"id": 286, "label": 0}
{"id": 287, "label": 1}
{"id": 288, "label": 0}
{"id": 289, "label": 1}
{"id": 290, "label": 1}
{"id": 291, "label": 0}
{"id": 292, "label": 1}
{"id": 293, "label": 1}
{"id": 294, "label": 0}
{"id": 295, "label": 1}
{"id": 296, "label": 0}
{"id": 297, "label": 1}
{"id": 298, "label": 1}
{"id": 299, "label": 1}
{"id": 300, "label": 0}
{"id": 301, "label": 0}
{"id": 302, "label": 0}
{"id": 303, "label": 0}
{"id": 304, "label": 0}
{"id": 305, "label": 0}
{"id": 306, "label": 1}
{"id": 307, "label": 1}
{"id": 308, "label": 0}
{"id": 309, "label": 1}
{"id": 310, "label": 0}
{"id": 311, "label": 1}
{"id": 312, "label": 0}
{"id": 313, "label": 0}
{"id": 314, "label": 0}
{"id": 315, "label": 1}
{"id": 316, "label": 0}
{"id": 317, "label": 1}
{"id": 318, "label": 1}
{"id": 319, "label": 0}
{"id": 320, "label": 1}
{"id": 321, "label": 1}
{"id": 322, "label": 1}
{"id": 323, "label": 1}
{"id": 324, "label": 1}
{"id": 325, "label": 0}
{"id": 326, "label": 0}
{"id": 327, "label": 1}
{"id": 328, "label": 0}
{"id": 329, "label": 1}
{"id": 330, "label": 0}
{"id": 331, "label": 0}
{"id": 332, "label": 0}
{"id": 333, "label": 1}
{"id": 334, "label": 1}
{"id": 335, "label": 1}
{"id": 336, "label": 0}
{"id": 337, "label": 1}
{"id": 338, "label": 0}
{"id": 339, "label": 0}
{"id": 340, "label": 1}
{"id": 341, "label": 1}
{"id": 342, "label": 0}
{"id": 343, "label": 0}
{"id": 344, "label": 0}
{"id": 345, "label": 1}
{"id": 346, "label": 1}
{"id": 347, "label": 0}
{"id": 348, "label": 1}
{"id": 349, "label": 0}
{"id": 350, "label": 1}
{"id": 351, "label": 1}
{"id": 352, "label": 1}
{"id": 353, "label": 0}
{"id": 354, "label": 0}
{"id": 355, "label": 1}
{"id": 356, "label": 0}
{"id": 357, "label": 1}
{"id": 358, "label": 1}
{"id": 359, "label": 0}
{"id": 360, "label": 1}
{"id": 361, "label": 0}
{"id": 362, "label": 0}
{"id": 363, "label": 0}
{"id": 364, "label": 0}
{"id": 365, "label": 0}
{"id": 366, "label": 1}
{"id": 367, "label": 1}
{"id": 368, "label": 0}
{"id": 369, "label": 1}
{"id": 370, "label": 0}
{"id": 371, "label": 0}
{"id": 372, "label": 0}
{"id": 373, "label": 0}
{"id": 374, "label": 0}
{"id": 375, "label": 1}
{"id": 376, "label": 1}
{"id": 377, "label": 1}
{"id": 378, "label": 1}
{"id": 379, "label": 1}
{"id": 380, "label": 0}
{"id": 381, "label": 1}
{"id": 382, "label": 1}
{"id": 383, "label": 1}
{"id": 384, "label": 1}
{"id": 385, "label": 1}
{"id": 386, "label": 1}
{"id": 387, "label": 0}
{"id": 388, "label": 0}
{"id": 389, "label": 0}
{"id": 390, "label": 0}
{"id": 391, "label": 1}
{"id": 392, "label": 0}
{"id": 393, "label": 1}
{"id": 394, "label": 0}
{"id": 395, "label": 0}
{"id": 396, "label": 0}
{"id": 397, "label": 0}
{"id": 398, "label": 1}
{"id": 399, "label": 1}
{"id": 400, "label": 1}
{"id": 401, "label": 1}
{"id": 402, "label": 1}
{"id": 403, "label": 0}
{"id": 404, "label": 0}
{"id": 405, "label": 1}
{"id": 406, "label": 0}
{"id": 407, "label": 0}
{"id": 408, "label": 1}
{"id": 409, "label": 1}
{"id": 410, "label": 0}
{"id": 411, "label": 1}
{"id": 412, "label": 0}
{"id": 413, "label": 0}
{"id": 414, "label": 0}
{"id": 415, "label": 0}
{"id": 416, "label": 1}
{"id": 417, "label": 0}
{"id": 418, "label": 1}
{"id": 419, "label": 1}
{"id": 420, "label": 0}
{"id": 421, "label": 1}
{"id": 422, "label": 1}
{"id": 423, "label": 1}
{"id": 424, "label": 1}
{"id": 425, "label": 0}
{"id": 426, "label": 0}
{"id": 427, "label": 0}
{"id": 428, "label": 0}
{"id": 429, "label": 0}
{"id": 430, "label": 1}
{"id": 431, "label": 1}
{"id": 432, "label": 0}
{"id": 433, "label": 1}
{"id": 434, "label": 0}
{"id": 435, "label": 0}
{"id": 436, "label": 0}
{"id": 437, "label": 0}
{"id": 438, "label": 0}
{"id": 439, "label": 1}
{"id": 440, "label": 1}
{"id": 441, "label": 0}
{"id": 442, "label": 0}
{"id": 443, "label": 1}
{"id": 444, "label": 0}
{"id": 445, "label": 1}
{"id": 446, "label": 0}
{"id": 447, "label": 1}
{"id": 448, "label": 0}
{"id": 449, "label": 0}
{"id": 450, "label": 1}
{"id": 451, "label": 1}
{"id": 452, "label": 1}
{"id": 453, "label": 1}
{"id": 454, "label": 1}
{"id": 455, "label": 0}
{"id": 456, "label": 0}
{"id": 457, "label": 0}
{"id": 458, "label": 0}
{"id": 459, "label": 1}
{"id": 460, "label": 1}
{"id": 461, "label": 1}
{"id": 462, "label": 1}
{"id": 463, "label": 0}
{"id": 464, "label": 1}
{"id": 465, "label": 1}
{"id": 466, "label": 1}
{"id": 467, "label": 1}
{"id": 468, "label": 0}
{"id": 469, "label": 1}
{"id": 470, "label": 0}
{"id": 471, "label": 0}
{"id": 472, "label": 0}
{"id": 473, "label": 0}
{"id": 474, "label": 1}
{"id": 475, "label": 1}
{"id": 476, "label": 0}
{"id": 477, "label": 0}
{"id": 478, "label": 0}
{"id": 479, "label": 1}
{"id": 480, "label": 0}
{"id": 481, "label": 0}
{"id": 482, "label": 0}
{"id": 483, "label": 0}
{"id": 484, "label": 0}
{"id": 485, "label": 1}
{"id": 486, "label": 1}
{"id": 487, "label": 0}
{"id": 488, "label": 1}
{"id": 489, "label": 1}
{"id": 490, "label": 1}
{"id": 491, "label": 0}
{"id": 492, "label": 0}
{"id": 493, "label": 0}
{"id": 494, "label": 1}
{"id": 495, "label": 1}
{"id": 496, "label": 1}
{"id": 497, "label": 1}
{"id": 498, "label": 0}
{"id": 499, "label": 0}
{"id": 500, "label": 1}
{"id": 501, "label": 0}
{"id": 502, "label": 0}
{"id": 503, "label": 0}
{"id": 504, "label": 1}
{"id": 505, "label": 1}
{"id": 506, "label": 1}
{"id": 507, "label": 0}
{"id": 508, "label": 0}
{"id": 509, "label": 0}
{"id": 510, "label": 1}
{"id": 511, "label": 0}
{"id": 512, "label": 0}
{"id": 513, "label": 0}
{"id": 514, "label": 1}
{"id": 515, "label": 0}
{"id": 516, "label": 0}
{"id": 517, "label": 0}
{"id": 518, "label": 0}
{"id": 519, "label": 1}
{"id": 520, "label": 0}
{"id": 521, "label": 0}
{"id": 522, "label": 1}
{"id": 523, "label": 1}
{"id": 524, "label": 1}
{"id": 525, "label": 0}
{"id": 526, "label": 0}
{"id": 527, "label": 1}
{"id": 528, "label": 0}
{"id": 529, "label": 1}
{"id": 530, "label": 0}
{"id": 531, "label": 0}
{"id": 532, "label": 1}
{"id": 533, "label": 1}
{"id": 534, "label": 0}
{"id": 535, "label": 1}
{"id": 536, "label": 0}
{"id": 537, "label": 1}
{"id": 538, "label": 0}
{"id": 539, "label": 1}
{"id": 540, "label": 1}
{"id": 541, "label": 0}
{"id": 542, "label": 0}
{"id": 543, "label": 1}
{"id": 544, "label": 1}
{"id": 545, "label": 1}
{"id": 546, "label": 1}
{"id": 547, "label": 1}
{"id": 548, "label": 0}
{"id": 549, "label": 1}
{"id": 550, "label": 1}
{"id": 551, "label": 0}
{"id": 552, "label": 1}
{"id": 553, "label": 0}
{"id": 554, "label": 0}
{"id": 555, "label": 1}
{"id": 556, "label": 1}
{"id": 557, "label": 1}
{"id": 558, "label": 1}
{"id": 559, "label": 0}
{"id": 560, "label": 0}
{"id": 561, "label": 1}
{"id": 562, "label": 1}
{"id": 563, "label": 1}
{"id": 564, "label": 1}
{"id": 565, "label": 1}
{"id": 566, "label": 0}
{"id": 567, "label": 0}
{"id": 568, "label": 1}
{"id": 569, "label": 1}
{"id": 570, "label": 0}
{"id": 571, "label": 1}
{"id": 572, "label": 1}
{"id": 573, "label": 0}
{"id": 574, "label": 0}
{"id": 575, "label": 0}
{"id": 576, "label": 0}
{"id": 577, "label": 1}
{"id": 578, "label": 0}
{"id": 579, "label": 1}
{"id": 580, "label": 1}
{"id": 581, "label": 0}
{"id": 582, "label": 0}
{"id": 583, "label": 1}
{"id": 584, "label": 0}
{"id": 585, "label": 0}
{"id": 586, "label": 1}
{"id": 587, "label": 0}
{"id": 588, "label": 0}
{"id": 589, "label": 1}
{"id": 590, "label": 0}
{"id": 591, "label": 0}
{"id": 592, "label": 0}
{"id": 593, "label": 1}
{"id": 594, "label": 0}
{"id": 595, "label": 1}
{"id": 596, "label": 1}
{"id": 597, "label": 1}
{"id": 598, "label": 0}
{"id": 599, "label": 0}
{"id": 600, "label": 0}
{"id": 601, "label": 0}
{"id": 602, "label": 0}
{"id": 603, "label": 1}
{"id": 604, "label": 0}
{"id": 605, "label": 1}
{"id": 606, "label": 0}
{"id": 607, "label": 1}
{"id": 608, "label": 0}
{"id": 609, "label": 1}
{"id": 610, "label": 0}
{"id": 611, "label": 0}
{"id": 612, "label": 0}
{"id": 613, "label": 1}
{"id": 614, "label": 1}
{"id": 615, "label": 0}
{"id": 616, "label": 0}
{"id": 617, "label": 0}
{"id": 618, "label": 1}
{"id": 619, "label": 1}
{"id": 620, "label": 1}
{"id": 621, "label": 0}
{"id": 622, "label": 0}
{"id": 623, "label": 0}
{"id": 624, "label": 0}
{"id": 625, "label": 0}
{"id": 626, "label": 1}
{"id": 627, "label": 0}
{"id": 628, "label": 1}
{"id": 629, "label": 1}
{"id": 630, "label": 0}
{"id": 631, "label": 0}
{"id": 632, "label": 1}
{"id": 633, "label": 1}
{"id": 634, "label": 1}
{"id": 635, "label": 0}
{"id": 636, "label": 0}
{"id": 637, "label": 1}
{"id": 638, "label": 0}
{"id": 639, "label": 0}
{"id": 640, "label": 0}
{"id": 641, "label": 0}
{"id": 642, "label": 0}
{"id": 643, "label": 1}
{"id": 644, "label": 1}
{"id": 645, "label": 1}
{"id": 646, "label": 1}
{"id": 647, "label": 1}
{"id": 648, "label": 1}
{"id": 649, "label": 1}
{"id": 650, "label": 1}
{"id": 651, "label": 1}
{"id": 652, "label": 0}
{"id": 653, "label": 0}
{"id": 654, "label": 1}
{"id": 655, "label": 1}
{"id": 656, "label": 0}
{"id": 657, "label": 1}
{"id": 658, "label": 1}
{"id": 659, "label": 1}
{"id": 660, "label": 0}
{"id": 661, "label": 0}
{"id": 662, "label": 1}
{"id": 663, "label": 0}
{"id": 664, "label": 1}
{"id": 665, "label": 1}
{"id": 666, "label": 1}
{"id": 667, "label": 0}
{"id": 668, "label": 0}
{"id": 669, "label": 0}
{"id": 670, "label": 1}
{"id": 671, "label": 0}
{"id": 672, "label": 1}
{"id": 673, "label": 1}
{"id": 674, "label": 1}
{"id": 675, "label": 0}
{"id": 676, "label": 0}
{"id": 677, "label": 0}
{"id": 678, "label": 1}
{"id": 679, "label": 1}
{"id": 680, "label": 1}
{"id": 681, "label": 1}
{"id": 682, "label": 0}
{"id": 683, "label": 0}
{"id": 684, "label": 1}
{"id": 685, "label": 0}
{"id": 686, "label": 1}
{"id": 687, "label": 1}
{"id": 688, "label": 1}
{"id": 689, "label": 0}
{"id": 690, "label": 1}
{"id": 691, "label": 1}
{"id": 692, "label": 1}
{"id": 693, "label": 1}
{"id": 694, "label": 0}
{"id": 695, "label": 0}
{"id": 696, "label": 0}
{"id": 697, "label": 1}
{"id": 698, "label": 1}
{"id": 699, "label": 0}
{"id": 700, "label": 1}
{"id": 701, "label": 0}
{"id": 702, "label": 1}
{"id": 703, "label": 0}
{"id": 704, "label": 0}
{"id": 705, "label": 1}
{"id": 706, "label": 1}
{"id": 707, "label": 1}
{"id": 708, "label": 0}
{"id": 709, "label": 0}
{"id": 710, "label": 1}
{"id": 711, "label": 1}
{"id": 712, "label": 0}
{"id": 713, "label": 0}
{"id": 714, "label": 0}
{"id": 715, "label": 1}
{"id": 716, "label": 0}
{"id": 717, "label": 0}
{"id": 718, "label": 1}
{"id": 719, "label": 1}
{"id": 720, "label": 0}
{"id": 721, "label": 0}
{"id": 722, "label": 0}
{"id": 723, "label": 1}
{"id": 724, "label": 0}
{"id": 725, "label": 0}
{"id": 726, "label": 1}
{"id": 727, "label": 0}
{"id": 728, "label": 1}
{"id": 729, "label": 1}
{"id": 730, "label": 0}
{"id": 731, "label": 0}
{"id": 732, "label": 1}
{"id": 733, "label": 1}
{"id": 734, "label": 0}
{"id": 735, "label": 1}
{"id": 736, "label": 0}
{"id": 737, "label": 1}
{"id": 738, "label": 1}
{"id": 739, "label": 0}
{"id": 740, "label": 1}
{"id": 741, "label": 1}
{"id": 742, "label": 1}
{"id": 743, "label": 0}
{"id": 744, "label": 1}
{"id": 745, "label": 0}
{"id": 746, "label": 1}
{"id": 747, "label": 0}
{"id": 748, "label": 0}
{"id": 749, "label": 1}
{"id": 750, "label": 1}
{"id": 751, "label": 1}
{"id": 752, "label": 0}
{"id": 753, "label": 1}
{"id": 754, "label": 0}
{"id": 755, "label": 1}
{"id": 756, "label": 0}
{"id": 757, "label": 1}
{"id": 758, "label": 1}
{"id": 759, "label": 1}
{"id": 760, "label": 1}
{"id": 761, "label": 0}
{"id": 762, "label": 0}
{"id": 763, "label": 0}
{"id": 764, "label": 1}
{"id": 765, "label": 0}
{"id": 766, "label": 0}
{"id": 767, "label": 1}
{"id": 768, "label": 0}
{"id": 769, "label": 1}
{"id": 770, "label": 1}
{"id": 771, "label": 0}
{"id": 772, "label": 0}
{"id": 773, "label": 1}
{"id": 774, "label": 1}
{"id": 775, "label": 1}
{"id": 776, "label": 0}
{"id": 777, "label": 0}
{"id": 778, "label": 1}
{"id": 779, "label": 1}
{"id": 780, "label": 1}
{"id": 781, "label": 1}
{"id": 782, "label": 1}
{"id": 783, "label": 1}
{"id": 784, "label": 0}
{"id": 785, "label": 0}
{"id": 786, "label": 0}
{"id": 787, "label": 1}
{"id": 788, "label": 0}
{"id": 789, "label": 1}
{"id": 790, "label": 0}
{"id": 791, "label": 1}
{"id": 792, "label": 0}
{"id": 793, "label": 1}
{"id": 794, "label": 0}
{"id": 795, "label": 0}
{"id": 796, "label": 0}
{"id": 797, "label": 1}
{"id": 798, "label": 0}
{"id": 799, "label": 1}
{"id": 800, "label": 0}
{"id": 801, "label": 1}
{"id": 802, "label": 0}
{"id": 803, "label": 1}
{"id": 804, "label": 0}
{"id": 805, "label": 0}
{"id": 806, "label": 1}
{"id": 807, "label": 1}
{"id": 808, "label": 0}
{"id": 809, "label": 0}
{"id": 810, "label": 0}
{"id": 811, "label": 0}
{"id": 812, "label": 1}
{"id": 813, "label": 1}
{"id": 814, "label": 0}
{"id": 815, "label": 1}
{"id": 816, "label": 1}
{"id": 817, "label": 0}
{"id": 818, "label": 0}
{"id": 819, "label": 0}
{"id": 820, "label": 0}
{"id": 821, "label": 0}
{"id": 822, "label": 1}
{"id": 823, "label": 0}
{"id": 824, "label": 0}
{"id": 825, "label": 0}
{"id": 826, "label": 1}
{"id": 827, "label": 0}
{"id": 828, "label": 0}
{"id": 829, "label": 0}
{"id": 830, "label": 1}
{"id": 831, "label": 1}
{"id": 832, "label": 1}
{"id": 833, "label": 1}
{"id": 834, "label": 0}
{"id": 835, "label": 0}
{"id": 836, "label": 1}
{"id": 837, "label": 1}
{"id": 838, "label": 1}
{"id": 839, "label": 0}
{"id": 840, "label": 0}
{"id": 841, "label": 0}
{"id": 842, "label": 0}
{"id": 843, "label": 1}
{"id": 844, "label": 1}
{"id": 845, "label": 0}
{"id": 846, "label": 1}
{"id": 847, "label": 0}
{"id": 848, "label": 0}
{"id": 849, "label": 0}
{"id": 850, "label": 1}
{"id": 851, "label": 0}
{"id": 852, "label": 1}
{"id": 853, "label": 1}
{"id": 854, "label": 0}
{"id": 855, "label": 0}
{"id": 856, "label": 1}
{"id": 857, "label": 1}
{"id": 858, "label": 0}
{"id": 859, "label": 1}
{"id": 860, "label": 0}
{"id": 861, "label": 0}
{"id": 862, "label": 1}
{"id": 863, "label": 0}
{"id": 864, "label": 1}
{"id": 865, "label": 0}
{"id": 866, "label": 1}
{"id": 867, "label": 0}
{"id": 868, "label": 1}
{"id": 869, "label": 0}
{"id": 870, "label": 0}
{"id": 871, "label": 0}
{"id": 872, "label": 1}
{"id": 873, "label": 0}
{"id": 874, "label": 0}
{"id": 875, "label": 1}
{"id": 876, "label": 1}
{"id": 877, "label": 1}
{"id": 878, "label": 1}
{"id": 879, "label": 0}
{"id": 880, "label": 1}
{"id": 881, "label": 1}
{"id": 882, "label": 0}
{"id": 883, "label": 0}
{"id": 884, "label": 0}
{"id": 885, "label": 0}
{"id": 886, "label": 0}
{"id": 887, "label": 1}
{"id": 888, "label": 1}
{"id": 889, "label": 0}
{"id": 890, "label": 0}
{"id": 891, "label": 0}
{"id": 892, "label": 1}
{"id": 893, "label": 0}
{"id": 894, "label": 1}
{"id": 895, "label": 0}
{"id": 896, "label": 0}
{"id": 897, "label": 1}
{"id": 898, "label": 1}
{"id": 899, "label": 0}
{"id": 900, "label": 0}
{"id": 901, "label": 1}
{"id": 902, "label": 0}
{"id": 903, "label": 1}
{"id": 904, "label": 1}
{"id": 905, "label": 1}
{"id": 906, "label": 1}
{"id": 907, "label": 0}
{"id": 908, "label": 0}
{"id": 909, "label": 0}
{"id": 910, "label": 1}
{"id": 911, "label": 1}
{"id": 912, "label": 1}
{"id": 913, "label": 1}
{"id": 914, "label": 1}
{"id": 915, "label": 1}
{"id": 916, "label": 0}
{"id": 917, "label": 0}
{"id": 918, "label": 1}
{"id": 919, "label": 1}
{"id": 920, "label": 0}
{"id": 921, "label": 1}
{"id": 922, "label": 0}
{"id": 923, "label": 0}
{"id": 924, "label": 0}
{"id": 925, "label": 1}
{"id": 926, "label": 1}
{"id": 927, "label": 1}
{"id": 928, "label": 0}
{"id": 929, "label": 0}
{"id": 930, "label": 1}
{"id": 931, "label": 1}
{"id": 932, "label": 1}
{"id": 933, "label": 1}
{"id": 934, "label": 0}
{"id": 935, "label": 0}
{"id": 936, "label": 1}
{"id": 937, "label": 1}
{"id": 938, "label": 1}
{"id": 939, "label": 0}
{"id": 940, "label": 0}
{"id": 941, "label": 1}
{"id": 942, "label": 1}
{"id": 943, "label": 0}
{"id": 944, "label": 0}
{"id": 945, "label": 0}
{"id": 946, "label": 1}
{"id": 947, "label": 0}
{"id": 948, "label": 1}
{"id": 949, "label": 0}
{"id": 950, "label": 0}
{"id": 951, "label": 0}
{"id": 952, "label": 0}
{"id": 953, "label": 0}
{"id": 954, "label": 1}
{"id": 955, "label": 1}
{"id": 956, "label": 0}
{"id": 957, "label": 1}
{"id": 958, "label": 1}
{"id": 959, "label": 0}
{"id": 960, "label": 0}
{"id": 961, "label": 1}
{"id": 962, "label": 0}
{"id": 963, "label": 1}
{"id": 964, "label": 1}
{"id": 965, "label": 0}
{"id": 966, "label": 1}
{"id": 967, "label": 1}
{"id": 968, "label": 1}
{"id": 969, "label": 1}
{"id": 970, "label": 1}
{"id": 971, "label": 1}
{"id": 972, "label": 0}
{"id": 973, "label": 0}
{"id": 974, "label": 1}
{"id": 975, "label": 0}
{"id": 976, "label": 1}
{"id": 977, "label": 0}
{"id": 978, "label": 1}
{"id": 979, "label": 0}
{"id": 980, "label": 1}
{"id": 981, "label": 1}
{"id": 982, "label": 1}
{"id": 983, "label": 0}
{"id": 984, "label": 1}
{"id": 985, "label": 0}
{"id": 986, "label": 0}
{"id": 987, "label": 0}
{"id": 988, "label": 0}
{"id": 989, "label": 1}
{"id": 990, "label": 1}
{"id": 991, "label": 1}
{"id": 992, "label": 1}
{"id": 993, "label": 1}
{"id": 994, "label": 0}
{"id": 995, "label": 1}
{"id": 996, "label": 1}
{"id": 997, "label": 1}
{"id": 998, "label": 1}
{"id": 999, "label": 0}
{"id": 1000, "label": 0}
{"id": 1001, "label": 0}
{"id": 1002, "label": 0}
{"id": 1003, "label": 0}
{"id": 1004, "label": 0}
{"id": 1005, "label": 1}
{"id": 1006, "label": 1}
{"id": 1007, "label": 0}
{"id": 1008, "label": 0}
{"id": 1009, "label": 1}
{"id": 1010, "label": 1}
{"id": 1011, "label": 0}
{"id": 1012, "label": 1}
{"id": 1013, "label": 1}
{"id": 1014, "label": 0}
{"id": 1015, "label": 1}
{"id": 1016, "label": 0}
{"id": 1017, "label": 0}
{"id": 1018, "label": 0}
{"id": 1019, "label": 0}
{"id": 1020, "label": 1}
{"id": 1021, "label": 1}
{"id": 1022, "label": 1}
{"id": 1023, "label": 1}
{"id": 1024, "label": 1}
{"id": 1025, "label": 1}
{"id": 1026, "label": 1}
{"id": 1027, "label": 1}
{"id": 1028, "label": 0}
{"id": 1029, "label": 0}
{"id": 1030, "label": 0}
{"id": 1031, "label": 1}
{"id": 1032, "label": 1}
{"id": 1033, "label": 1}
{"id": 1034, "label": 1}
{"id": 1035, "label": 0}
{"id": 1036, "label": 1}
{"id": 1037, "label": 0}
{"id": 1038, "label": 1}
{"id": 1039, "label": 0}
{"id": 1040, "label": 1}
{"id": 1041, "label": 0}
{"id": 1042, "label": 0}
{"id": 1043, "label": 1}
{"id": 1044, "label": 1}
{"id": 1045, "label": 0}
{"id": 1046, "label": 1}
{"id": 1047, "label": 0}
{"id": 1048, "label": 1}
{"id": 1049, "label": 1}
{"id": 1050, "label": 0}
{"id": 1051, "label": 1}
{"id": 1052, "label": 0}
{"id": 1053, "label": 1}
{"id": 1054, "label": 0}
{"id": 1055, "label": 1}
{"id": 1056, "label": 0}
{"id": 1057, "label": 1}
{"id": 1058, "label": 0}
{"id": 1059, "label": 0}
{"id": 1060, "label": 0}
{"id": 1061, "label": 0}
{"id": 1062, "label": 0}
{"id": 1063, "label": 0}
{"id": 1064, "label": 1}
{"id": 1065, "label": 0}
{"id": 1066, "label": 1}
{"id": 1067, "label": 0}
{"id": 1068, "label": 0}
{"id": 1069, "label": 0}
{"id": 1070, "label": 1}
{"id": 1071, "label": 1}
{"id": 1072, "label": 1}
{"id": 1073, "label": 0}
{"id": 1074, "label": 1}
{"id": 1075, "label": 0}
{"id": 1076, "label": 0}
{"id": 1077, "label": 1}
{"id": 1078, "label": 0}
{"id": 1079, "label": 1}
{"id": 1080, "label": 0}
{"id": 1081, "label": 0}
{"id": 1082, "label": 1}
{"id": 1083, "label": 1}
{"id": 1084, "label": 1}
{"id": 1085, "label": 0}
{"id": 1086, "label": 1}
{"id": 1087, "label": 1}
{"id": 1088, "label": 1}
{"id": 1089, "label": 0}
{"id": 1090, "label": 1}
{"id": 1091, "label": 1}
{"id": 1092, "label": 0}
{"id": 1093, "label": 1}
{"id": 1094, "label": 1}
{"id": 1095, "label": 0}
{"id": 1096, "label": 1}
{"id": 1097, "label": 1}
{"id": 1098, "label": 1}
{"id": 1099, "label": 1}
{"id": 1100, "label": 1}
{"id": 1101, "label": 0}
{"id": 1102, "label": 1}
{"id": 1103, "label": 1}
{"id": 1104, "label": 1}
{"id": 1105, "label": 0}
{"id": 1106, "label": 0}
{"id": 1107, "label": 0}
{"id": 1108, "label": 1}
{"id": 1109, "label": 1}
{"id": 1110, "label": 1}
{"id": 1111, "label": 1}
{"id": 1112, "label": 1}
{"id": 1113, "label": 0}
{"id": 1114, "label": 0}
{"id": 1115, "label": 0}
{"id": 1116, "label": 0}
{"id": 1117, "label": 1}
{"id": 1118, "label": 0}
{"id": 1119, "label": 0}
{"id": 1120, "label": 1}
{"id": 1121, "label": 1}
{"id": 1122, "label": 1}
{"id": 1123, "label": 1}
{"id": 1124, "label": 0}
{"id": 1125, "label": 1}
{"id": 1126, "label": 1}
{"id": 1127, "label": 0}
{"id": 1128, "label": 0}
{"id": 1129, "label": 1}
{"id": 1130, "label": 0}
{"id": 1131, "label": 0}
{"id": 1132, "label": 1}
{"id": 1133, "label": 1}
{"id": 1134, "label": 1}
{"id": 1135, "label": 0}
{"id": 1136, "label": 1}
{"id": 1137, "label": 1}
{"id": 1138, "label": 1}
{"id": 1139, "label": 0}
{"id": 1140, "label": 0}
{"id": 1141, "label": 1}
{"id": 1142, "label": 1}
{"id": 1143, "label": 0}
{"id": 1144, "label": 0}
{"id": 1145, "label": 1}
{"id": 1146, "label": 0}
{"id": 1147, "label": 0}
{"id": 1148, "label": 1}
{"id": 1149, "label": 1}
{"id": 1150, "label": 0}
{"id": 1151, "label": 1}
{"id": 1152, "label": 1}
{"id": 1153, "label": 1}
{"id": 1154, "label": 0}
{"id": 1155, "label": 1}
{"id": 1156, "label": 0}
{"id": 1157, "label": 0}
{"id": 1158, "label": 0}
{"id": 1159, "label": 1}
{"id": 1160, "label": 1}
{"id": 1161, "label": 1}
{"id": 1162, "label": 0}
{"id": 1163, "label": 0}
{"id": 1164, "label": 1}
{"id": 1165, "label": 0}
{"id": 1166, "label": 0}
{"id": 1167, "label": 1}
{"id": 1168, "label": 0}
{"id": 1169, "label": 1}
{"id": 1170, "label": 0}
{"id": 1171, "label": 0}
{"id": 1172, "label": 1}
{"id": 1173, "label": 0}
{"id": 1174, "label": 0}
{"id": 1175, "label": 0}
{"id": 1176, "label": 0}
{"id": 1177, "label": 0}
{"id": 1178, "label": 1}
{"id": 1179, "label": 0}
{"id": 1180, "label": 0}
{"id": 1181, "label": 0}
{"id": 1182, "label": 0}
{"id": 1183, "label": 1}
{"id": 1184, "label": 1}
{"id": 1185, "label": 1}
{"id": 1186, "label": 1}
{"id": 1187, "label": 0}
{"id": 1188, "label": 0}
{"id": 1189, "label": 1}
{"id": 1190, "label": 0}
{"id": 1191, "label": 0}
{"id": 1192, "label": 0}
{"id": 1193, "label": 1}
{"id": 1194, "label": 1}
{"id": 1195, "label": 1}
{"id": 1196, "label": 1}
{"id": 1197, "label": 0}
{"id": 1198, "label": 0}
{"id": 1199, "label": 0}
{"id": 1200, "label": 1}
{"id": 1201, "label": 0}
{"id": 1202, "label": 1}
{"id": 1203, "label": 1}
{"id": 1204, "label": 1}
{"id": 1205, "label": 1}
{"id": 1206, "label": 0}
{"id": 1207, "label": 1}
{"id": 1208, "label": 1}
{"id": 1209, "label": 0}
{"id": 1210, "label": 0}
{"id": 1211, "label": 1}
{"id": 1212, "label": 1}
{"id": 1213, "label": 0}
{"id": 1214, "label": 1}
{"id": 1215, "label": 1}
{"id": 1216, "label": 1}
{"id": 1217, "label": 0}
{"id": 1218, "label": 0}
{"id": 1219, "label": 0}
{"id": 1220, "label": 0}
{"id": 1221, "label": 1}
{"id": 1222, "label": 0}
{"id": 1223, "label": 1}
{"id": 1224, "label": 0}
{"id": 1225, "label": 1}
{"id": 1226, "label": 1}
{"id": 1227, "label": 1}
{"id": 1228, "label": 0}
{"id": 1229, "label": 0}
{"id": 1230, "label": 0}
{"id": 1231, "label": 1}
{"id": 1232, "label": 0}
{"id": 1233, "label": 0}
{"id": 1234, "label": 0}
{"id": 1235, "label": 0}
{"id": 1236, "label": 1}
{"id": 1237, "label": 1}
{"id": 1238, "label": 0}
{"id": 1239, "label": 1}
{"id": 1240, "label": 1}
{"id": 1241, "label": 1}
{"id": 1242, "label": 0}
{"id": 1243, "label": 0}
{"id": 1244, "label": 1}
{"id": 1245, "label": 1}
{"id": 1246, "label": 0}
{"id": 1247, "label": 0}
{"id": 1248, "label": 0}
{"id": 1249, "label": 0}
{"id": 1250, "label": 1}
{"id": 1251, "label": 1}
{"id": 1252, "label": 1}
{"id": 1253, "label": 1}
{"id": 1254, "label": 1}
{"id": 1255, "label": 0}
{"id": 1256, "label": 0}
{"id": 1257, "label": 0}
{"id": 1258, "label": 0}
{"id": 1259, "label": 0}
{"id": 1260, "label": 0}
{"id": 1261, "label": 0}
{"id": 1262, "label": 1}
{"id": 1263, "label": 0}
{"id": 1264, "label": 0}
{"id": 1265, "label": 1}
{"id": 1266, "label": 0}
{"id": 1267, "label": 1}
{"id": 1268, "label": 1}
{"id": 1269, "label": 1}
{"id": 1270, "label": 0}
{"id": 1271, "label": 0}
{"id": 1272, "label": 1}
{"id": 1273, "label": 1}
{"id": 1274, "label": 1}
{"id": 1275, "label": 1}
{"id": 1276, "label": 1}
{"id": 1277, "label": 0}
{"id": 1278, "label": 1}
{"id": 1279, "label": 1}
{"id": 1280, "label": 0}
{"id": 1281, "label": 0}
{"id": 1282, "label": 1}
{"id": 1283, "label": 0}
{"id": 1284, "label": 0}
{"id": 1285, "label": 1}
{"id": 1286, "label": 1}
{"id": 1287, "label": 0}
{"id": 1288, "label": 1}
{"id": 1289, "label": 0}
{"id": 1290, "label": 0}
{"id": 1291, "label": 0}
{"id": 1292, "label": 0}
{"id": 1293, "label": 0}
{"id": 1294, "label": 0}
{"id": 1295, "label": 0}
{"id": 1296, "label": 0}
{"id": 1297, "label": 1}
{"id": 1298, "label": 1}
{"id": 1299, "label": 1}
{"id": 1300, "label": 0}
{"id": 1301, "label": 1}
{"id": 1302, "label": 0}
{"id": 1303, "label": 0}
{"id": 1304, "label": 1}
{"id": 1305, "label": 1}
{"id": 1306, "label": 0}
{"id": 1307, "label": 0}
{"id": 1308, "label": 0}
{"id": 1309, "label": 0}
{"id": 1310, "label": 1}
{"id": 1311, "label": 1}
{"id": 1312, "label": 1}
{"id": 1313, "label": 0}
{"id": 1314, "label": 1}
{"id": 1315, "label": 0}
{"id": 1316, "label": 1}
{"id": 1317, "label": 0}
{"id": 1318, "label": 0}
{"id": 1319, "label": 0}
{"id": 1320, "label": 1}
{"id": 1321, "label": 1}
{"id": 1322, "label": 0}
{"id": 1323, "label": 0}
{"id": 1324, "label": 1}
{"id": 1325, "label": 1}
{"id": 1326, "label": 0}
{"id": 1327, "label": 0}
{"id": 1328, "label": 1}
{"id": 1329, "label": 1}
{"id": 1330, "label": 1}
{"id": 1331, "label": 1}
{"id": 1332, "label": 0}
{"id": 1333, "label": 1}
{"id": 1334, "label": 1}
{"id": 1335, "label": 0}
{"id": 1336, "label": 0}
{"id": 1337, "label": 0}
{"id": 1338, "label": 0}
{"id": 1339, "label": 1}
{"id": 1340, "label": 0}
{"id": 1341, "label": 0}
{"id": 1342, "label": 0}
{"id": 1343, "label": 1}
{"id": 1344, "label": 0}
{"id": 1345, "label": 1}
{"id": 1346, "label": 0}
{"id": 1347, "label": 1}
{"id": 1348, "label": 1}
{"id": 1349, "label": 1}
{"id": 1350, "label": 1}
{"id": 1351, "label": 1}
{"id": 1352, "label": 1}
{"id": 1353, "label": 0}
{"id": 1354, "label": 1}
{"id": 1355, "label": 0}
{"id": 1356, "label": 1}
{"id": 1357, "label": 0}
{"id": 1358, "label": 0}
{"id": 1359, "label": 1}
{"id": 1360, "label": 1}
{"id": 1361, "label": 1}
{"id": 1362, "label": 0}
{"id": 1363, "label": 1}
{"id": 1364, "label": 1}
{"id": 1365, "label": 1}
{"id": 1366, "label": 1}
{"id": 1367, "label": 1}
{"id": 1368, "label": 1}
{"id": 1369, "label": 1}
{"id": 1370, "label": 0}
{"id": 1371, "label": 0}
{"id": 1372, "label": 0}
{"id": 1373, "label": 1}
{"id": 1374, "label": 0}
{"id": 1375, "label": 1}
{"id": 1376, "label": 0}
{"id": 1377, "label": 1}
{"id": 1378, "label": 1}
{"id": 1379, "label": 1}
{"id": 1380, "label": 0}
{"id": 1381, "label": 1}
{"id": 1382, "label": 0}
{"id": 1383, "label": 1}
{"id": 1384, "label": 0}
{"id": 1385, "label": 1}
{"id": 1386, "label": 0}
{"id": 1387, "label": 1}
{"id": 1388, "label": 0}
{"id": 1389, "label": 1}
{"id": 1390, "label": 1}
{"id": 1391, "label": 1}
{"id": 1392, "label": 1}
{"id": 1393, "label": 0}
{"id": 1394, "label": 1}
{"id": 1395, "label": 1}
{"id": 1396, "label": 1}
{"id": 1397, "label": 1}
{"id": 1398, "label": 0}
{"id": 1399, "label": 0}
{"id": 1400, "label": 1}
{"id": 1401, "label": 0}
{"id": 1402, "label": 0}
{"id": 1403, "label": 1}
{"id": 1404, "label": 0}
{"id": 1405, "label": 1}
{"id": 1406, "label": 0}
{"id": 1407, "label": 0}
{"id": 1408, "label": 0}
{"id": 1409, "label": 1}
{"id": 1410, "label": 1}
{"id": 1411, "label": 1}
{"id": 1412, "label": 0}
{"id": 1413, "label": 0}
{"id": 1414, "label": 1}
{"id": 1415, "label": 0}
{"id": 1416, "label": 0}
{"id": 1417, "label": 1}
{"id": 1418, "label": 1}
{"id": 1419, "label": 1}
{"id": 1420, "label": 0}
{"id": 1421, "label": 1}
{"id": 1422, "label": 1}
{"id": 1423, "label": 1}
{"id": 1424, "label": 0}
{"id": 1425, "label": 0}
{"id": 1426, "label": 0}
{"id": 1427, "label": 0}
{"id": 1428, "label": 0}
{"id": 1429, "label": 0}
{"id": 1430, "label": 0}
{"id": 1431, "label": 0}
{"id": 1432, "label": 1}
{"id": 1433, "label": 1}
{"id": 1434, "label": 1}
{"id": 1435, "label": 1}
{"id": 1436, "label": 0}
{"id": 1437, "label": 1}
{"id": 1438, "label": 1}
{"id": 1439, "label": 0}
{"id": 1440, "label": 1}
{"id": 1441, "label": 1}
{"id": 1442, "label": 0}
{"id": 1443, "label": 0}
{"id": 1444, "label": 1}
{"id": 1445, "label": 0}
{"id": 1446, "label": 1}
{"id": 1447, "label": 1}
{"id": 1448, "label": 0}
{"id": 1449, "label": 0}
{"id": 1450, "label": 1}
{"id": 1451, "label": 1}
{"id": 1452, "label": 0}
{"id": 1453, "label": 0}
{"id": 1454, "label": 1}
{"id": 1455, "label": 0}
{"id": 1456, "label": 0}
{"id": 1457, "label": 0}
{"id": 1458, "label": 1}
{"id": 1459, "label": 1}
{"id": 1460, "label": 1}
{"id": 1461, "label": 1}
{"id": 1462, "label": 0}
{"id": 1463, "label": 0}
{"id": 1464, "label": 1}
{"id": 1465, "label": 0}
{"id": 1466, "label": 1}
{"id": 1467, "label": 0}
{"id": 1468, "label": 1}
{"id": 1469, "label": 0}
{"id": 1470, "label": 0}
{"id": 1471, "label": 1}
{"id": 1472, "label": 1}
{"id": 1473, "label": 1}
{"id": 1474, "label": 1}
{"id": 1475, "label": 0}
{"id": 1476, "label": 1}
{"id": 1477, "label": 1}
{"id": 1478, "label": 1}
{"id": 1479, "label": 0}
{"id": 1480, "label": 1}
{"id": 1481, "label": 0}
{"id": 1482, "label": 1}
{"id": 1483, "label": 1}
{"id": 1484, "label": 1}
{"id": 1485, "label": 0}
{"id": 1486, "label": 0}
{"id": 1487, "label": 1}
{"id": 1488, "label": 1}
{"id": 1489, "label": 0}
{"id": 1490, "label": 1}
{"id": 1491, "label": 1}
{"id": 1492, "label": 0}
{"id": 1493, "label": 0}
{"id": 1494, "label": 1}
{"id": 1495, "label": 1}
{"id": 1496, "label": 1}
{"id": 1497, "label": 1}
{"id": 1498, "label": 0}
{"id": 1499, "label": 0}
{"id": 1500, "label": 0}
{"id": 1501, "label": 0}
{"id": 1502, "label": 1}
{"id": 1503, "label": 0}
{"id": 1504, "label": 1}
{"id": 1505, "label": 0}
{"id": 1506, "label": 1}
{"id": 1507, "label": 0}
{"id": 1508, "label": 0}
{"id": 1509, "label": 0}
{"id": 1510, "label": 0}
{"id": 1511, "label": 1}
{"id": 1512, "label": 1}
{"id": 1513, "label": 0}
{"id": 1514, "label": 0}
{"id": 1515, "label": 0}
{"id": 1516, "label": 0}
{"id": 1517, "label": 0}
{"id": 1518, "label": 1}
{"id": 1519, "label": 1}
{"id": 1520, "label": 1}
{"id": 1521, "label": 1}
{"id": 1522, "label": 0}
{"id": 1523, "label": 1}
{"id": 1524, "label": 0}
{"id": 1525, "label": 1}
{"id": 1526, "label": 0}
{"id": 1527, "label": 0}
{"id": 1528, "label": 1}
{"id": 1529, "label": 0}
{"id": 1530, "label": 0}
{"id": 1531, "label": 1}
{"id": 1532, "label": 0}
{"id": 1533, "label": 0}
{"id": 1534, "label": 0}
{"id": 1535, "label": 1}
{"id": 1536, "label": 0}
{"id": 1537, "label": 1}
{"id": 1538, "label": 0}
{"id": 1539, "label": 0}
{"id": 1540, "label": 0}
{"id": 1541, "label": 1}
{"id": 1542, "label": 1}
{"id": 1543, "label": 1}
{"id": 1544, "label": 1}
{"id": 1545, "label": 0}
{"id": 1546, "label": 1}
{"id": 1547, "label": 1}
{"id": 1548, "label": 0}
{"id": 1549, "label": 0}
{"id": 1550, "label": 0}
{"id": 1551, "label": 0}
{"id": 1552, "label": 1}
{"id": 1553, "label": 0}
{"id": 1554, "label": 0}
{"id": 1555, "label": 0}
{"id": 1556, "label": 1}
{"id": 1557, "label": 0}
{"id": 1558, "label": 1}
{"id": 1559, "label": 1}
{"id": 1560, "label": 0}
{"id": 1561, "label": 0}
{"id": 1562, "label": 1}
{"id": 1563, "label": 0}
{"id": 1564, "label": 1}
{"id": 1565, "label": 0}
{"id": 1566, "label": 1}
{"id": 1567, "label": 0}
{"id": 1568, "label": 0}
{"id": 1569, "label": 1}
{"id": 1570, "label": 0}
{"id": 1571, "label": 1}
{"id": 1572, "label": 0}
{"id": 1573, "label": 1}
{"id": 1574, "label": 1}
{"id": 1575, "label": 1}
{"id": 1576, "label": 1}
{"id": 1577, "label": 0}
{"id": 1578, "label": 1}
{"id": 1579, "label": 1}
{"id": 1580, "label": 0}
{"id": 1581, "label": 1}
{"id": 1582, "label": 0}
{"id": 1583, "label": 1}
{"id": 1584, "label": 0}
{"id": 1585, "label": 0}
{"id": 1586, "label": 1}
{"id": 1587, "label": 0}
{"id": 1588, "label": 1}
{"id": 1589, "label": 1}
{"id": 1590, "label": 0}
{"id": 1591, "label": 1}
{"id": 1592, "label": 1}
{"id": 1593, "label": 1}
{"id": 1594, "label": 0}
{"id": 1595, "label": 1}
{"id": 1596, "label": 1}
{"id": 1597, "label": 1}
{"id": 1598, "label": 0}
{"id": 1599, "label": 1}
{"id": 1600, "label": 0}
{"id": 1601, "label": 0}
{"id": 1602, "label": 0}
{"id": 1603, "label": 0}
{"id": 1604, "label": 1}
{"id": 1605, "label": 0}
{"id": 1606, "label": 1}
{"id": 1607, "label": 0}
{"id": 1608, "label": 1}
{"id": 1609, "label": 0}
{"id": 1610, "label": 1}
{"id": 1611, "label": 0}
{"id": 1612, "label": 0}
{"id": 1613, "label": 1}
{"id": 1614, "label": 1}
{"id": 1615, "label": 1}
{"id": 1616, "label": 0}
{"id": 1617, "label": 0}
{"id": 1618, "label": 0}
{"id": 1619, "label": 0}
{"id": 1620, "label": 1}
{"id": 1621, "label": 0}
{"id": 1622, "label": 1}
{"id": 1623, "label": 0}
{"id": 1624, "label": 1}
{"id": 1625, "label": 1}
{"id": 1626, "label": 0}
{"id": 1627, "label": 0}
{"id": 1628, "label": 1}
{"id": 1629, "label": 0}
{"id": 1630, "label": 0}
{"id": 1631, "label": 0}
{"id": 1632, "label": 1}
{"id": 1633, "label": 1}
{"id": 1634, "label": 1}
{"id": 1635, "label": 0}
{"id": 1636, "label": 1}
{"id": 1637, "label": 0}
{"id": 1638, "label": 1}
{"id": 1639, "label": 0}
{"id": 1640, "label": 1}
{"id": 1641, "label": 1}
{"id": 1642, "label": 0}
{"id": 1643, "label": 0}
{"id": 1644, "label": 0}
{"id": 1645, "label": 1}
{"id": 1646, "label": 0}
{"id": 1647, "label": 1}
{"id": 1648, "label": 0}
{"id": 1649, "label": 0}
{"id": 1650, "label": 1}
{"id": 1651, "label": 1}
{"id": 1652, "label": 0}
{"id": 1653, "label": 0}
{"id": 1654, "label": 1}
{"id": 1655, "label": 0}
{"id": 1656, "label": 0}
{"id": 1657, "label": 0}
{"id": 1658, "label": 0}
{"id": 1659, "label": 1}
{"id": 1660, "label": 0}
{"id": 1661, "label": 0}
{"id": 1662, "label": 1}
{"id": 1663, "label": 1}
{"id": 1664, "label": 0}
{"id": 1665, "label": 0}
{"id": 1666, "label": 1}
{"id": 1667, "label": 1}
{"id": 1668, "label": 1}
{"id": 1669, "label": 1}
{"id": 1670, "label": 1}
{"id": 1671, "label": 0}
{"id": 1672, "label": 1}
{"id": 1673, "label": 1}
{"id": 1674, "label": 0}
{"id": 1675, "label": 0}
{"id": 1676, "label": 0}
{"id": 1677, "label": 1}
{"id": 1678, "label": 0}
{"id": 1679, "label": 0}
{"id": 1680, "label": 1}
{"id": 1681, "label": 1}
{"id": 1682, "label": 0}
{"id": 1683, "label": 1}
{"id": 1684, "label": 1}
{"id": 1685, "label": 1}
{"id": 1686, "label": 1}
{"id": 1687, "label": 1}
{"id": 1688, "label": 1}
{"id": 1689, "label": 0}
{"id": 1690, "label": 0}
{"id": 1691, "label": 1}
{"id": 1692, "label": 0}
{"id": 1693, "label": 0}
{"id": 1694, "label": 0}
{"id": 1695, "label": 0}
{"id": 1696, "label": 0}
{"id": 1697, "label": 1}
{"id": 1698, "label": 0}
{"id": 1699, "label": 0}
{"id": 1700, "label": 0}
{"id": 1701, "label": 1}
{"id": 1702, "label": 0}
{"id": 1703, "label": 1}
{"id": 1704, "label": 0}
{"id": 1705, "label": 0}
{"id": 1706, "label": 1}
{"id": 1707, "label": 0}
{"id": 1708, "label": 0}
{"id": 1709, "label": 1}
{"id": 1710, "label": 1}
{"id": 1711, "label": 1}
{"id": 1712, "label": 0}
{"id": 1713, "label": 0}
{"id": 1714, "label": 0}
{"id": 1715, "label": 1}
{"id": 1716, "label": 1}
{"id": 1717, "label": 0}
{"id": 1718, "label": 0}
{"id": 1719, "label": 0}
{"id": 1720, "label": 0}
{"id": 1721, "label": 1}
{"id": 1722, "label": 1}
{"id": 1723, "label": 1}
{"id": 1724, "label": 1}
{"id": 1725, "label": 0}
{"id": 1726, "label": 0}
{"id": 1727, "label": 1}
{"id": 1728, "label": 1}
{"id": 1729, "label": 0}
{"id": 1730, "label": 0}
{"id": 1731, "label": 0}
{"id": 1732, "label": 1}
{"id": 1733, "label": 1}
{"id": 1734, "label": 1}
{"id": 1735, "label": 1}
{"id": 1736, "label": 0}
{"id": 1737, "label": 1}
{"id": 1738, "label": 0}
{"id": 1739, "label": 1}
{"id": 1740, "label": 1}
{"id": 1741, "label": 0}
{"id": 1742, "label": 1}
{"id": 1743, "label": 0}
{"id": 1744, "label": 1}
{"id": 1745, "label": 0}
{"id": 1746, "label": 0}
{"id": 1747, "label": 1}
{"id": 1748, "label": 1}
{"id": 1749, "label": 1}
{"id": 1750, "label": 1}
{"id": 1751, "label": 1}
{"id": 1752, "label": 1}
{"id": 1753, "label": 0}
{"id": 1754, "label": 1}
{"id": 1755, "label": 1}
{"id": 1756, "label": 0}
{"id": 1757, "label": 0}
{"id": 1758, "label": 0}
{"id": 1759, "label": 1}
{"id": 1760, "label": 1}
{"id": 1761, "label": 1}
{"id": 1762, "label": 0}
{"id": 1763, "label": 1}
{"id": 1764, "label": 0}
{"id": 1765, "label": 0}
{"id": 1766, "label": 1}
{"id": 1767, "label": 1}
{"id": 1768, "label": 1}
{"id": 1769, "label": 0}
{"id": 1770, "label": 0}
{"id": 1771, "label": 1}
{"id": 1772, "label": 1}
{"id": 1773, "label": 1}
{"id": 1774, "label": 1}
{"id": 1775, "label": 0}
{"id": 1776, "label": 1}
{"id": 1777, "label": 0}
{"id": 1778, "label": 1}
{"id": 1779, "label": 0}
{"id": 1780, "label": 1}
{"id": 1781, "label": 0}
{"id": 1782, "label": 0}
{"id": 1783, "label": 0}
{"id": 1784, "label": 0}
{"id": 1785, "label": 1}
{"id": 1786, "label": 1}
{"id": 1787, "label": 1}
{"id": 1788, "label": 0}
{"id": 1789, "label": 0}
{"id": 1790, "label": 1}
{"id": 1791, "label": 0}
{"id": 1792, "label": 1}
{"id": 1793, "label": 1}
{"id": 1794, "label": 1}
{"id": 1795, "label": 0}
{"id": 1796, "label": 1}
{"id": 1797, "label": 0}
{"id": 1798, "label": 1}
{"id": 1799, "label": 1}
{"id": 1800, "label": 0}
{"id": 1801, "label": 0}
{"id": 1802, "label": 0}
{"id": 1803, "label": 0}
{"id": 1804, "label": 0}
{"id": 1805, "label": 0}
{"id": 1806, "label": 1}
{"id": 1807, "label": 1}
{"id": 1808, "label": 0}
{"id": 1809, "label": 0}
{"id": 1810, "label": 0}
{"id": 1811, "label": 0}
{"id": 1812, "label": 1}
{"id": 1813, "label": 0}
{"id": 1814, "label": 1}
{"id": 1815, "label": 0}
{"id": 1816, "label": 1}
{"id": 1817, "label": 1}
{"id": 1818, "label": 1}
{"id": 1819, "label": 0}
{"id": 1820, "label": 0}
{"id": 1821, "label": 0}
{"id": 1822, "label": 0}
{"id": 1823, "label": 0}
{"id": 1824, "label": 1}
{"id": 1825, "label": 1}
{"id": 1826, "label": 1}
{"id": 1827, "label": 0}
{"id": 1828, "label": 1}
{"id": 1829, "label": 0}
{"id": 1830, "label": 1}
{"id": 1831, "label": 1}
{"id": 1832, "label": 1}
{"id": 1833, "label": 1}
{"id": 1834, "label": 0}
{"id": 1835, "label": 0}
{"id": 1836, "label": 1}
{"id": 1837, "label": 0}
{"id": 1838, "label": 1}
{"id": 1839, "label": 0}
{"id": 1840, "label": 1}
{"id": 1841, "label": 0}
{"id": 1842, "label": 1}
{"id": 1843, "label": 1}
{"id": 1844, "label": 0}
{"id": 1845, "label": 1}
{"id": 1846, "label": 0}
{"id": 1847, "label": 0}
{"id": 1848, "label": 1}
{"id": 1849, "label": 0}
{"id": 1850, "label": 0}
{"id": 1851, "label": 0}
{"id": 1852, "label": 0}
{"id": 1853, "label": 1}
{"id": 1854, "label": 1}
{"id": 1855, "label": 1}
{"id": 1856, "label": 0}
{"id": 1857, "label": 0}
{"id": 1858, "label": 1}
{"id": 1859, "label": 0}
{"id": 1860, "label": 1}
{"id": 1861, "label": 1}
{"id": 1862, "label": 0}
{"id": 1863, "label": 1}
{"id": 1864, "label": 0}
{"id": 1865, "label": 1}
{"id": 1866, "label": 0}
{"id": 1867, "label": 1}
{"id": 1868, "label": 0}
{"id": 1869, "label": 0}
{"id": 1870, "label": 0}
{"id": 1871, "label": 1}
{"id": 1872, "label": 0}
{"id": 1873, "label": 0}
{"id": 1874, "label": 1}
{"id": 1875, "label": 0}
{"id": 1876, "label": 0}
{"id": 1877, "label": 0}
{"id": 1878, "label": 0}
{"id": 1879, "label": 0}
{"id": 1880, "label": 0}
{"id": 1881, "label": 0}
{"id": 1882, "label": 1}
{"id": 1883, "label": 0}
{"id": 1884, "label": 0}
{"id": 1885, "label": 0}
{"id": 1886, "label": 0}
{"id": 1887, "label": 1}
{"id": 1888, "label": 1}
{"id": 1889, "label": 1}
{"id": 1890, "label": 1}
{"id": 1891, "label": 0}
{"id": 1892, "label": 0}
{"id": 1893, "label": 1}
{"id": 1894, "label": 1}
{"id": 1895, "label": 1}
{"id": 1896, "label": 1}
{"id": 1897, "label": 1}
{"id": 1898, "label": 1}
{"id": 1899, "label": 0}
{"id": 1900, "label": 1}
{"id": 1901, "label": 0}
{"id": 1902, "label": 1}
{"id": 1903, "label": 0}
{"id": 1904, "label": 0}
{"id": 1905, "label": 0}
{"id": 1906, "label": 1}
{"id": 1907, "label": 0}
{"id": 1908, "label": 0}
{"id": 1909, "label": 0}
{"id": 1910, "label": 1}
{"id": 1911, "label": 1}
{"id": 1912, "label": 1}
{"id": 1913, "label": 0}
{"id": 1914, "label": 1}
{"id": 1915, "label": 0}
{"id": 1916, "label": 0}
{"id": 1917, "label": 1}
{"id": 1918, "label": 1}
{"id": 1919, "label": 1}
{"id": 1920, "label": 1}
{"id": 1921, "label": 0}
{"id": 1922, "label": 0}
{"id": 1923, "label": 1}
{"id": 1924, "label": 1}
{"id": 1925, "label": 0}
{"id": 1926, "label": 0}
{"id": 1927, "label": 1}
{"id": 1928, "label": 0}
{"id": 1929, "label": 0}
{"id": 1930, "label": 1}
{"id": 1931, "label": 0}
{"id": 1932, "label": 0}
{"id": 1933, "label": 1}
{"id": 1934, "label": 1}
{"id": 1935, "label": 1}
{"id": 1936, "label": 1}
{"id": 1937, "label": 1}
{"id": 1938, "label": 0}
{"id": 1939, "label": 1}
{"id": 1940, "label": 1}
{"id": 1941, "label": 0}
{"id": 1942, "label": 1}
{"id": 1943, "label": 0}
{"id": 1944, "label": 0}
{"id": 1945, "label": 0}
{"id": 1946, "label": 0}
{"id": 1947, "label": 1}
{"id": 1948, "label": 0}
{"id": 1949, "label": 1}
{"id": 1950, "label": 1}
{"id": 1951, "label": 0}
{"id": 1952, "label": 1}
{"id": 1953, "label": 1}
{"id": 1954, "label": 0}
{"id": 1955, "label": 0}
{"id": 1956, "label": 0}
{"id": 1957, "label": 1}
{"id": 1958, "label": 0}
{"id": 1959, "label": 1}
{"id": 1960, "label": 1}
{"id": 1961, "label": 1}
{"id": 1962, "label": 1}
{"id": 1963, "label": 0}
{"id": 1964, "label": 1}
{"id": 1965, "label": 0}
{"id": 1966, "label": 0}
{"id": 1967, "label": 0}
{"id": 1968, "label": 1}
{"id": 1969, "label": 1}
{"id": 1970, "label": 1}
{"id": 1971, "label": 0}
{"id": 1972, "label": 1}
{"id": 1973, "label": 1}
{"id": 1974, "label": 1}
{"id": 1975, "label": 0}
{"id": 1976, "label": 0}
{"id": 1977, "label": 0}
{"id": 1978, "label": 0}
{"id": 1979, "label": 1}
{"id": 1980, "label": 0}
{"id": 1981, "label": 0}
{"id": 1982, "label": 1}
{"id": 1983, "label": 0}
{"id": 1984, "label": 0}
{"id": 1985, "label": 1}
{"id": 1986, "label": 0}
{"id": 1987, "label": 1}
{"id": 1988, "label": 1}
{"id": 1989, "label": 1}
{"id": 1990, "label": 0}
{"id": 1991, "label": 0}
{"id": 1992, "label": 0}
{"id": 1993, "label": 1}
{"id": 1994, "label": 1}
{"id": 1995, "label": 1}
{"id": 1996, "label": 1}
{"id": 1997, "label": 0}
{"id": 1998, "label": 1}
{"id": 1999, "label": 1}
